{
    "medical_terms": {
      "hypertension": "High blood pressure",
      "diabetes": "High blood sugar disease",
      "myocardial_infarction": "Heart attack",
      "dyspepsia": "Indigestion",
      "dysbiosis": "Gut microbiome imbalance",
      "gastroenterology": "Digestive system study",
      "microbiome": "Gut microorganisms",
      "motility": "Food movement through digestive system",
      "prebiotics": "Food for gut bacteria",
      "probiotics": "Beneficial gut bacteria",
      "steatorrhea": "Excess fat in stool",
      "hematochezia": "Bright red blood in stool",
      "melena": "Black, tarry stools",
      "achlorhydria": "No stomach acid",
      "borborygmi": "Stomach rumbling"
    },
    "greetings": [
      "Hello! I'm your gut health assistant. How can I help?",
      "Welcome to GutGuard! Ask me about digestive health.",
      "Hi! I'm your gut health expert. Ask me anything.",
      "Welcome! How can I assist with digestive issues?",
      "Hello! What would you like to know about gut health?",
      "Greetings! I can help with gastrointestinal questions."
    ],
    "diseases": [
      {
        "disease_name": "Gastric Ulcer",
        "description": "Open sores on the stomach lining.",
        "symptoms": [
          "Burning stomach pain",
          "Bloating",
          "Nausea",
          "Dark stools",
          "Loss of appetite"
        ],
        "treatments": [
          "Proton pump inhibitors",
          "Antibiotics for H. pylori",
          "Antacids",
          "Avoid NSAIDs"
        ],
        "meal_plans": [
          "Oatmeal with banana",
          "Grilled chicken salad",
          "Baked salmon with quinoa",
          "Banana with almond butter"
        ]
      },
      {
        "disease_name": "Lactose Intolerance",
        "description": "Inability to digest lactose.",
        "symptoms": [
          "Bloating",
          "Diarrhea",
          "Gas",
          "Abdominal cramps",
          "Nausea"
        ],
        "treatments": [
          "Lactase enzyme supplements",
          "Lactose-free diet",
          "Probiotics"
        ],
        "meal_plans": [
          "Lactose-free yogurt with granola",
          "Grilled chicken salad",
          "Baked salmon with roasted potatoes",
          "Fresh fruit with nut butter"
        ]
      },
      {
        "disease_name": "Gallstones",
        "description": "Hardened deposits in the gallbladder.",
        "symptoms": [
          "Abdominal pain",
          "Back pain",
          "Nausea",
          "Indigestion after fatty meals",
          "Jaundice"
        ],
        "treatments": [
          "Ursodeoxycholic acid",
          "Pain management",
          "Low-fat diet",
          "Surgery"
        ],
        "meal_plans": [
          "Oatmeal with berries",
          "Grilled chicken salad",
          "Baked fish with vegetables",
          "Fresh fruit"
        ]
      },
      {
        "disease_name": "Pancreatitis",
        "description": "Inflammation of the pancreas.",
        "symptoms": [
          "Severe abdominal pain",
          "Pain radiating to back",
          "Nausea",
          "Fever",
          "Rapid pulse"
        ],
        "treatments": [
          "IV fluids",
          "Pain medication",
          "Low-fat diet",
          "Nutritional support"
        ],
        "meal_plans": [
          "Cream of wheat with banana",
          "Chicken noodle soup",
          "Baked chicken with mashed potatoes",
          "Applesauce"
        ]
      },
      {
        "disease_name": "Hemorrhoids",
        "description": "Swollen veins in the rectum and anus.",
        "symptoms": [
          "Rectal bleeding",
          "Itching",
          "Pain",
          "Swelling",
          "Lump near anus"
        ],
        "treatments": [
          "Topical creams",
          "Stool softeners",
          "High-fiber diet",
          "Sitz baths"
        ],
        "meal_plans": [
          "Bran cereal with almond milk",
          "Lentil soup with whole grain bread",
          "Grilled salmon with vegetables",
          "Apple slices with almond butter"
        ]
      },
      {
        "disease_name": "Gastroparesis",
        "description": "Delayed stomach emptying.",
        "symptoms": [
          "Nausea",
          "Early fullness",
          "Bloating",
          "Heartburn",
          "Lack of appetite"
        ],
        "treatments": [
          "Prokinetic medications",
          "Antiemetics",
          "Small frequent meals",
          "Low-fat diet"
        ],
        "meal_plans": [
          "Cream of rice cereal",
          "Chicken noodle soup",
          "Baked fish with mashed potatoes",
          "Graham crackers with peanut butter"
        ]
      },
      {
        "disease_name": "Eosinophilic Esophagitis",
        "description": "Chronic esophageal inflammation.",
        "symptoms": [
          "Difficulty swallowing",
          "Food impaction",
          "Heartburn",
          "Chest pain",
          "Regurgitation"
        ],
        "treatments": [
          "Topical steroids",
          "Proton pump inhibitors",
          "Elimination diet",
          "Soft food diet"
        ],
        "meal_plans": [
          "Oatmeal made with coconut milk",
          "Baked chicken with mashed potatoes",
          "Roast turkey with sweet potato",
          "Rice crackers"
        ]
      },
      {
        "disease_name": "Irritable Bowel Syndrome (IBS)",
        "description": "Functional gastrointestinal disorder.",
        "symptoms": [
          "Abdominal pain",
          "Bloating",
          "Diarrhea or constipation",
          "Mucus in stool",
          "Urgency to have bowel movements"
        ],
        "treatments": [
          "Antispasmodics",
          "Laxatives for IBS-C",
          "Antidiarrheals for IBS-D",
          "Low FODMAP diet"
        ],
        "meal_plans": [
          "Oatmeal with banana",
          "Grilled chicken salad",
          "Baked salmon with mashed carrots",
          "Handful of walnuts"
        ]
      },
      {
        "disease_name": "Crohn's Disease",
        "description": "Chronic inflammation in digestive tract.",
        "symptoms": [
          "Persistent diarrhea",
          "Abdominal pain",
          "Weight loss",
          "Fatigue",
          "Rectal bleeding"
        ],
        "treatments": [
          "Anti-inflammatory drugs",
          "Immunosuppressants",
          "Biologics",
          "Low-fiber diet during flares"
        ],
        "meal_plans": [
          "Scrambled eggs with white toast",
          "Chicken noodle soup with crackers",
          "Baked salmon with mashed potatoes",
          "Applesauce"
        ]
      },
      {
        "disease_name": "Ulcerative Colitis",
        "description": "Inflammation and ulcers in the colon.",
        "symptoms": [
          "Bloody diarrhea",
          "Abdominal pain",
          "Rectal pain",
          "Weight loss",
          "Fatigue"
        ],
        "treatments": [
          "Aminosalicylates",
          "Corticosteroids for flares",
          "Immunomodulators",
          "Low-residue diet during flares"
        ],
        "meal_plans": [
          "White toast with jelly",
          "Chicken noodle soup",
          "Baked chicken with mashed potatoes",
          "Banana"
        ]
      },
      {
        "disease_name": "Celiac Disease",
        "description": "Autoimmune disorder triggered by gluten.",
        "symptoms": [
          "Diarrhea",
          "Weight loss",
          "Bloating",
          "Fatigue",
          "Anemia"
        ],
        "treatments": [
          "Strict gluten-free diet",
          "Nutritional supplements",
          "Dapsone for skin rash"
        ],
        "meal_plans": [
          "Gluten-free oatmeal with berries",
          "Quinoa salad with chicken",
          "Grilled salmon with rice",
          "Rice cakes with nut butter"
        ]
      },
      {
        "disease_name": "Diverticular Disease",
        "description": "Pouches in the colon wall.",
        "symptoms": [
          "Abdominal pain",
          "Bloating",
          "Constipation or diarrhea",
          "Fever",
          "Rectal bleeding"
        ],
        "treatments": [
          "High-fiber diet",
          "Antibiotics for diverticulitis",
          "Pain management"
        ],
        "meal_plans": [
          "Bran cereal with fruit",
          "Lentil soup with whole grain bread",
          "Grilled salmon with roasted vegetables",
          "Prunes or dried figs"
        ]
      },
      {
        "disease_name": "Small Intestinal Bacterial Overgrowth (SIBO)",
        "description": "Excessive bacteria in the small intestine.",
        "symptoms": [
          "Bloating",
          "Abdominal discomfort",
          "Diarrhea or constipation",
          "Excessive gas",
          "Nutrient deficiencies"
        ],
        "treatments": [
          "Antibiotics",
          "Prokinetics",
          "Low-FODMAP diet",
          "Meal spacing"
        ],
        "meal_plans": [
          "Scrambled eggs with spinach",
          "Grilled chicken salad",
          "Roast chicken with carrots",
          "Small handful of nuts"
        ]
      }
    ]
  }